{
  "recipe_item": {
    "precision": 0.6470588235294118,
    "recall": 0.5238095238095238,
    "f1-score": 0.5789473684210527,
    "support": 21,
    "confused_with": {}
  },
  "sort_type": {
    "precision": 0.6086956521739131,
    "recall": 1.0,
    "f1-score": 0.7567567567567568,
    "support": 14,
    "confused_with": {}
  },
  "dietary_req": {
    "precision": 1.0,
    "recall": 0.9444444444444444,
    "f1-score": 0.9714285714285714,
    "support": 18,
    "confused_with": {
      "intolerances": 1
    }
  },
  "recipename": {
    "precision": 0.6842105263157895,
    "recall": 0.6666666666666666,
    "f1-score": 0.6753246753246753,
    "support": 39,
    "confused_with": {}
  },
  "intolerances": {
    "precision": 0.9375,
    "recall": 0.9090909090909091,
    "f1-score": 0.923076923076923,
    "support": 33,
    "confused_with": {
      "sub_ingredients": 1,
      "sort_type": 1
    }
  },
  "recipe_id": {
    "precision": 1.0,
    "recall": 0.5,
    "f1-score": 0.6666666666666666,
    "support": 4,
    "confused_with": {
      "recipename": 1
    }
  },
  "sub_ingredients": {
    "precision": 0.4375,
    "recall": 0.5,
    "f1-score": 0.4666666666666667,
    "support": 14,
    "confused_with": {
      "recipename": 3,
      "recipe_item": 2
    }
  },
  "current_step_no": {
    "precision": 0.8,
    "recall": 0.6666666666666666,
    "f1-score": 0.7272727272727272,
    "support": 6,
    "confused_with": {}
  },
  "micro avg": {
    "precision": 0.74,
    "recall": 0.7449664429530202,
    "f1-score": 0.7424749163879599,
    "support": 149
  },
  "macro avg": {
    "precision": 0.7643706252523892,
    "recall": 0.7138347763347763,
    "f1-score": 0.720767544451755,
    "support": 149
  },
  "weighted avg": {
    "precision": 0.7560851338984445,
    "recall": 0.7449664429530202,
    "f1-score": 0.7422888642952223,
    "support": 149
  },
  "accuracy": 0.9393939393939394
}