{
  "get_substitute_ingredient": {
    "precision": 0.9166666666666666,
    "recall": 0.8461538461538461,
    "f1-score": 0.8799999999999999,
    "support": 13,
    "confused_with": {
      "confirm_recipe_items": 1,
      "get_intolerances": 1
    }
  },
  "get_next_step": {
    "precision": 0.8,
    "recall": 0.8,
    "f1-score": 0.8000000000000002,
    "support": 10,
    "confused_with": {
      "get_sort_type": 1,
      "get_n_step": 1
    }
  },
  "know_ingredients": {
    "precision": 0.8666666666666667,
    "recall": 0.9285714285714286,
    "f1-score": 0.896551724137931,
    "support": 14,
    "confused_with": {
      "know_equipment": 1
    }
  },
  "get_dietary_req": {
    "precision": 0.9333333333333333,
    "recall": 0.9333333333333333,
    "f1-score": 0.9333333333333333,
    "support": 15,
    "confused_with": {
      "get_intolerances": 1
    }
  },
  "goodbye": {
    "precision": 1.0,
    "recall": 0.9230769230769231,
    "f1-score": 0.9600000000000001,
    "support": 39,
    "confused_with": {
      "greet": 3
    }
  },
  "get_recipeid": {
    "precision": 1.0,
    "recall": 0.5,
    "f1-score": 0.6666666666666666,
    "support": 4,
    "confused_with": {
      "cook": 1,
      "greet": 1
    }
  },
  "get_sort_type": {
    "precision": 0.9166666666666666,
    "recall": 0.9166666666666666,
    "f1-score": 0.9166666666666666,
    "support": 12,
    "confused_with": {
      "cook": 1
    }
  },
  "get_intolerances": {
    "precision": 0.9090909090909091,
    "recall": 0.9090909090909091,
    "f1-score": 0.9090909090909091,
    "support": 22,
    "confused_with": {
      "greet": 1,
      "get_substitute_ingredient": 1
    }
  },
  "cook": {
    "precision": 0.8148148148148148,
    "recall": 0.9565217391304348,
    "f1-score": 0.8800000000000001,
    "support": 23,
    "confused_with": {
      "get_dietary_req": 1
    }
  },
  "get_info_questions": {
    "precision": 1.0,
    "recall": 0.7222222222222222,
    "f1-score": 0.8387096774193548,
    "support": 18,
    "confused_with": {
      "confirm_recipe_items": 2,
      "cook": 2
    }
  },
  "bot_challenge": {
    "precision": 0.75,
    "recall": 0.75,
    "f1-score": 0.75,
    "support": 4,
    "confused_with": {
      "greet": 1
    }
  },
  "get_previous_step": {
    "precision": 1.0,
    "recall": 0.6666666666666666,
    "f1-score": 0.8,
    "support": 6,
    "confused_with": {
      "get_n_step": 1,
      "get_next_step": 1
    }
  },
  "restart": {
    "precision": 1.0,
    "recall": 0.6666666666666666,
    "f1-score": 0.8,
    "support": 3,
    "confused_with": {
      "greet": 1
    }
  },
  "confirm_recipe_items": {
    "precision": 0.6666666666666666,
    "recall": 0.7692307692307693,
    "f1-score": 0.7142857142857142,
    "support": 13,
    "confused_with": {
      "know_ingredients": 1,
      "know_equipment": 1
    }
  },
  "greet": {
    "precision": 0.6956521739130435,
    "recall": 1.0,
    "f1-score": 0.8205128205128205,
    "support": 16,
    "confused_with": {}
  },
  "know_steps": {
    "precision": 1.0,
    "recall": 0.875,
    "f1-score": 0.9333333333333333,
    "support": 8,
    "confused_with": {
      "get_next_step": 1
    }
  },
  "get_n_step": {
    "precision": 0.7142857142857143,
    "recall": 0.8333333333333334,
    "f1-score": 0.7692307692307692,
    "support": 6,
    "confused_with": {
      "know_ingredients": 1
    }
  },
  "know_equipment": {
    "precision": 0.75,
    "recall": 0.75,
    "f1-score": 0.75,
    "support": 8,
    "confused_with": {
      "confirm_recipe_items": 2
    }
  },
  "accuracy": 0.8675213675213675,
  "macro avg": {
    "precision": 0.8741024228946934,
    "recall": 0.8192519168968445,
    "f1-score": 0.8343545341487499,
    "support": 234
  },
  "weighted avg": {
    "precision": 0.8840750276740614,
    "recall": 0.8675213675213675,
    "f1-score": 0.8680817764705845,
    "support": 234
  },
  "micro avg": {
    "precision": 0.8675213675213675,
    "recall": 0.8675213675213675,
    "f1-score": 0.8675213675213675,
    "support": 234
  }
}