{
  "recipename": {
    "precision": 1.0,
    "recall": 0.8055555555555556,
    "f1-score": 0.8923076923076924,
    "support": 36,
    "confused_with": {}
  },
  "recipe_item": {
    "precision": 0.95,
    "recall": 0.95,
    "f1-score": 0.9500000000000001,
    "support": 20,
    "confused_with": {}
  },
  "current_step_no": {
    "precision": 1.0,
    "recall": 0.8333333333333334,
    "f1-score": 0.9090909090909091,
    "support": 6,
    "confused_with": {}
  },
  "recipe_id": {
    "precision": 1.0,
    "recall": 1.0,
    "f1-score": 1.0,
    "support": 4,
    "confused_with": {}
  },
  "sort_type": {
    "precision": 1.0,
    "recall": 0.8461538461538461,
    "f1-score": 0.9166666666666666,
    "support": 13,
    "confused_with": {}
  },
  "sub_ingredients": {
    "precision": 1.0,
    "recall": 0.9411764705882353,
    "f1-score": 0.9696969696969697,
    "support": 17,
    "confused_with": {}
  },
  "dietary_req": {
    "precision": 1.0,
    "recall": 0.9047619047619048,
    "f1-score": 0.9500000000000001,
    "support": 21,
    "confused_with": {}
  },
  "intolerances": {
    "precision": 0.9666666666666667,
    "recall": 1.0,
    "f1-score": 0.983050847457627,
    "support": 29,
    "confused_with": {}
  },
  "micro avg": {
    "precision": 0.9850746268656716,
    "recall": 0.9041095890410958,
    "f1-score": 0.9428571428571428,
    "support": 146
  },
  "macro avg": {
    "precision": 0.9895833333333334,
    "recall": 0.9101226387991094,
    "f1-score": 0.946351635652483,
    "support": 146
  },
  "weighted avg": {
    "precision": 0.9865296803652968,
    "recall": 0.9041095890410958,
    "f1-score": 0.9413535075712927,
    "support": 146
  },
  "accuracy": 0.9856502242152466
}