{
  "sort_type": {
    "precision": 1.0,
    "recall": 1.0,
    "f1-score": 1.0,
    "support": 13,
    "confused_with": {}
  },
  "dietary_req": {
    "precision": 0.9310344827586207,
    "recall": 1.0,
    "f1-score": 0.9642857142857143,
    "support": 27,
    "confused_with": {}
  },
  "recipename": {
    "precision": 0.9444444444444444,
    "recall": 0.8292682926829268,
    "f1-score": 0.883116883116883,
    "support": 41,
    "confused_with": {}
  },
  "intolerances": {
    "precision": 0.9629629629629629,
    "recall": 0.9285714285714286,
    "f1-score": 0.9454545454545454,
    "support": 28,
    "confused_with": {}
  },
  "current_step_no": {
    "precision": 1.0,
    "recall": 0.8333333333333334,
    "f1-score": 0.9090909090909091,
    "support": 6,
    "confused_with": {}
  },
  "sub_ingredients": {
    "precision": 0.9333333333333333,
    "recall": 0.7368421052631579,
    "f1-score": 0.8235294117647058,
    "support": 19,
    "confused_with": {
      "recipe_item": 2
    }
  },
  "recipe_item": {
    "precision": 0.8695652173913043,
    "recall": 0.8695652173913043,
    "f1-score": 0.8695652173913043,
    "support": 23,
    "confused_with": {}
  },
  "recipe_id": {
    "precision": 1.0,
    "recall": 1.0,
    "f1-score": 1.0,
    "support": 4,
    "confused_with": {}
  },
  "micro avg": {
    "precision": 0.9407894736842105,
    "recall": 0.8881987577639752,
    "f1-score": 0.9137380191693291,
    "support": 161
  },
  "macro avg": {
    "precision": 0.9551675551113332,
    "recall": 0.8996975471552688,
    "f1-score": 0.9243803351380078,
    "support": 161
  },
  "weighted avg": {
    "precision": 0.9413444071614988,
    "recall": 0.8881987577639752,
    "f1-score": 0.9119120375422896,
    "support": 161
  },
  "accuracy": 0.9777580071174378
}