{
  "recipe_item": {
    "precision": 0.8947368421052632,
    "recall": 0.8095238095238095,
    "f1-score": 0.8500000000000001,
    "support": 21,
    "confused_with": {}
  },
  "sort_type": {
    "precision": 0.7333333333333333,
    "recall": 0.7857142857142857,
    "f1-score": 0.7586206896551724,
    "support": 14,
    "confused_with": {}
  },
  "dietary_req": {
    "precision": 1.0,
    "recall": 0.7777777777777778,
    "f1-score": 0.8750000000000001,
    "support": 18,
    "confused_with": {
      "intolerances": 1
    }
  },
  "recipename": {
    "precision": 0.8717948717948718,
    "recall": 0.8717948717948718,
    "f1-score": 0.8717948717948718,
    "support": 39,
    "confused_with": {}
  },
  "intolerances": {
    "precision": 0.96875,
    "recall": 0.9393939393939394,
    "f1-score": 0.9538461538461539,
    "support": 33,
    "confused_with": {}
  },
  "recipe_id": {
    "precision": 1.0,
    "recall": 0.5,
    "f1-score": 0.6666666666666666,
    "support": 4,
    "confused_with": {}
  },
  "sub_ingredients": {
    "precision": 0.8333333333333334,
    "recall": 0.7142857142857143,
    "f1-score": 0.7692307692307692,
    "support": 14,
    "confused_with": {
      "recipe_item": 1
    }
  },
  "current_step_no": {
    "precision": 1.0,
    "recall": 0.5,
    "f1-score": 0.6666666666666666,
    "support": 6,
    "confused_with": {}
  },
  "micro avg": {
    "precision": 0.8970588235294118,
    "recall": 0.8187919463087249,
    "f1-score": 0.856140350877193,
    "support": 149
  },
  "macro avg": {
    "precision": 0.9127435475708503,
    "recall": 0.7373112998112998,
    "f1-score": 0.8014782272325376,
    "support": 149
  },
  "weighted avg": {
    "precision": 0.9039701813257977,
    "recall": 0.8187919463087249,
    "f1-score": 0.8532450346845162,
    "support": 149
  },
  "accuracy": 0.9652406417112299
}