{
  "recipename": {
    "precision": 0.9655172413793104,
    "recall": 0.7368421052631579,
    "f1-score": 0.835820895522388,
    "support": 38,
    "confused_with": {}
  },
  "recipe_item": {
    "precision": 0.6,
    "recall": 0.13636363636363635,
    "f1-score": 0.22222222222222218,
    "support": 22,
    "confused_with": {
      "sub_ingredients": 3
    }
  },
  "current_step_no": {
    "precision": 1.0,
    "recall": 1.0,
    "f1-score": 1.0,
    "support": 6,
    "confused_with": {}
  },
  "recipe_id": {
    "precision": 1.0,
    "recall": 0.25,
    "f1-score": 0.4,
    "support": 4,
    "confused_with": {}
  },
  "sort_type": {
    "precision": 1.0,
    "recall": 0.75,
    "f1-score": 0.8571428571428571,
    "support": 16,
    "confused_with": {
      "intolerances": 2
    }
  },
  "sub_ingredients": {
    "precision": 0.7692307692307693,
    "recall": 0.5263157894736842,
    "f1-score": 0.625,
    "support": 19,
    "confused_with": {
      "recipe_item": 2
    }
  },
  "dietary_req": {
    "precision": 1.0,
    "recall": 0.7619047619047619,
    "f1-score": 0.8648648648648648,
    "support": 21,
    "confused_with": {
      "intolerances": 3
    }
  },
  "intolerances": {
    "precision": 0.8611111111111112,
    "recall": 1.0,
    "f1-score": 0.9253731343283582,
    "support": 31,
    "confused_with": {}
  },
  "micro avg": {
    "precision": 0.9067796610169492,
    "recall": 0.6815286624203821,
    "f1-score": 0.7781818181818182,
    "support": 157
  },
  "macro avg": {
    "precision": 0.8994823902151488,
    "recall": 0.645178286625655,
    "f1-score": 0.7163029967600862,
    "support": 157
  },
  "weighted avg": {
    "precision": 0.8802514919251138,
    "recall": 0.6815286624203821,
    "f1-score": 0.7432362927348193,
    "support": 157
  },
  "accuracy": 0.9554764024933214
}