{
  "recipe_item": {
    "precision": 0.8571428571428571,
    "recall": 0.9473684210526315,
    "f1-score": 0.9,
    "support": 19,
    "confused_with": {}
  },
  "sort_type": {
    "precision": 0.8421052631578947,
    "recall": 1.0,
    "f1-score": 0.9142857142857143,
    "support": 16,
    "confused_with": {}
  },
  "dietary_req": {
    "precision": 0.8620689655172413,
    "recall": 0.9259259259259259,
    "f1-score": 0.8928571428571429,
    "support": 27,
    "confused_with": {}
  },
  "recipename": {
    "precision": 1.0,
    "recall": 0.8301886792452831,
    "f1-score": 0.9072164948453608,
    "support": 53,
    "confused_with": {}
  },
  "intolerances": {
    "precision": 1.0,
    "recall": 0.7857142857142857,
    "f1-score": 0.88,
    "support": 28,
    "confused_with": {
      "recipe_item": 1
    }
  },
  "recipe_id": {
    "precision": 1.0,
    "recall": 1.0,
    "f1-score": 1.0,
    "support": 4,
    "confused_with": {}
  },
  "sub_ingredients": {
    "precision": 0.8333333333333334,
    "recall": 0.6666666666666666,
    "f1-score": 0.7407407407407408,
    "support": 15,
    "confused_with": {
      "recipe_item": 2,
      "dietary_req": 2
    }
  },
  "current_step_no": {
    "precision": 1.0,
    "recall": 0.6666666666666666,
    "f1-score": 0.8,
    "support": 6,
    "confused_with": {}
  },
  "micro avg": {
    "precision": 0.9225806451612903,
    "recall": 0.8511904761904762,
    "f1-score": 0.8854489164086687,
    "support": 168
  },
  "macro avg": {
    "precision": 0.9243313023939159,
    "recall": 0.8528163306589324,
    "f1-score": 0.8793875115911198,
    "support": 168
  },
  "weighted avg": {
    "precision": 0.9317575033643222,
    "recall": 0.8511904761904762,
    "f1-score": 0.8837458310930328,
    "support": 168
  },
  "accuracy": 0.9718061674008811
}