{
  "sort_type": {
    "precision": 0.9166666666666666,
    "recall": 0.9166666666666666,
    "f1-score": 0.9166666666666666,
    "support": 12,
    "confused_with": {}
  },
  "dietary_req": {
    "precision": 0.8571428571428571,
    "recall": 0.96,
    "f1-score": 0.9056603773584904,
    "support": 25,
    "confused_with": {}
  },
  "recipename": {
    "precision": 0.9736842105263158,
    "recall": 0.9024390243902439,
    "f1-score": 0.9367088607594938,
    "support": 41,
    "confused_with": {}
  },
  "intolerances": {
    "precision": 0.8888888888888888,
    "recall": 0.96,
    "f1-score": 0.923076923076923,
    "support": 25,
    "confused_with": {}
  },
  "current_step_no": {
    "precision": 1.0,
    "recall": 0.8333333333333334,
    "f1-score": 0.9090909090909091,
    "support": 6,
    "confused_with": {}
  },
  "sub_ingredients": {
    "precision": 0.8,
    "recall": 0.8421052631578947,
    "f1-score": 0.8205128205128205,
    "support": 19,
    "confused_with": {
      "recipe_item": 1
    }
  },
  "recipe_item": {
    "precision": 0.9047619047619048,
    "recall": 0.8260869565217391,
    "f1-score": 0.8636363636363636,
    "support": 23,
    "confused_with": {}
  },
  "recipe_id": {
    "precision": 1.0,
    "recall": 1.0,
    "f1-score": 1.0,
    "support": 4,
    "confused_with": {}
  },
  "micro avg": {
    "precision": 0.9032258064516129,
    "recall": 0.9032258064516129,
    "f1-score": 0.9032258064516129,
    "support": 155
  },
  "macro avg": {
    "precision": 0.9176430659983292,
    "recall": 0.9050789055087347,
    "f1-score": 0.9094191151377083,
    "support": 155
  },
  "weighted avg": {
    "precision": 0.9069765812380414,
    "recall": 0.9032258064516129,
    "f1-score": 0.9034285239351613,
    "support": 155
  },
  "accuracy": 0.9714566929133859
}