{
  "recipename": {
    "precision": 0.9411764705882353,
    "recall": 0.4444444444444444,
    "f1-score": 0.6037735849056604,
    "support": 36,
    "confused_with": {}
  },
  "recipe_item": {
    "precision": 0.4,
    "recall": 0.2,
    "f1-score": 0.26666666666666666,
    "support": 20,
    "confused_with": {
      "sub_ingredients": 3
    }
  },
  "current_step_no": {
    "precision": 1.0,
    "recall": 0.8333333333333334,
    "f1-score": 0.9090909090909091,
    "support": 6,
    "confused_with": {}
  },
  "recipe_id": {
    "precision": 1.0,
    "recall": 1.0,
    "f1-score": 1.0,
    "support": 4,
    "confused_with": {}
  },
  "sort_type": {
    "precision": 1.0,
    "recall": 0.8461538461538461,
    "f1-score": 0.9166666666666666,
    "support": 13,
    "confused_with": {}
  },
  "sub_ingredients": {
    "precision": 0.6666666666666666,
    "recall": 0.35294117647058826,
    "f1-score": 0.46153846153846156,
    "support": 17,
    "confused_with": {
      "recipe_item": 3
    }
  },
  "dietary_req": {
    "precision": 1.0,
    "recall": 0.6666666666666666,
    "f1-score": 0.8,
    "support": 21,
    "confused_with": {
      "intolerances": 3
    }
  },
  "intolerances": {
    "precision": 0.8709677419354839,
    "recall": 0.9310344827586207,
    "f1-score": 0.9,
    "support": 29,
    "confused_with": {
      "recipename": 1
    }
  },
  "micro avg": {
    "precision": 0.8613861386138614,
    "recall": 0.5958904109589042,
    "f1-score": 0.7044534412955467,
    "support": 146
  },
  "macro avg": {
    "precision": 0.8598513598987982,
    "recall": 0.6593217437284374,
    "f1-score": 0.7322170361085456,
    "support": 146
  },
  "weighted avg": {
    "precision": 0.8388613067851974,
    "recall": 0.5958904109589042,
    "f1-score": 0.6793599202555005,
    "support": 146
  },
  "accuracy": 0.9443946188340807
}