{
  "sort_type": {
    "precision": 0.9090909090909091,
    "recall": 0.8333333333333334,
    "f1-score": 0.8695652173913043,
    "support": 12,
    "confused_with": {
      "intolerances": 1
    }
  },
  "dietary_req": {
    "precision": 0.8461538461538461,
    "recall": 0.88,
    "f1-score": 0.8627450980392156,
    "support": 25,
    "confused_with": {
      "intolerances": 2
    }
  },
  "recipename": {
    "precision": 0.875,
    "recall": 0.8536585365853658,
    "f1-score": 0.8641975308641976,
    "support": 41,
    "confused_with": {}
  },
  "intolerances": {
    "precision": 0.78125,
    "recall": 1.0,
    "f1-score": 0.8771929824561403,
    "support": 25,
    "confused_with": {}
  },
  "current_step_no": {
    "precision": 1.0,
    "recall": 0.8333333333333334,
    "f1-score": 0.9090909090909091,
    "support": 6,
    "confused_with": {}
  },
  "sub_ingredients": {
    "precision": 0.8235294117647058,
    "recall": 0.7368421052631579,
    "f1-score": 0.7777777777777778,
    "support": 19,
    "confused_with": {}
  },
  "recipe_item": {
    "precision": 0.8571428571428571,
    "recall": 0.782608695652174,
    "f1-score": 0.8181818181818182,
    "support": 23,
    "confused_with": {
      "recipename": 1
    }
  },
  "recipe_id": {
    "precision": 1.0,
    "recall": 1.0,
    "f1-score": 1.0,
    "support": 4,
    "confused_with": {}
  },
  "micro avg": {
    "precision": 0.8525641025641025,
    "recall": 0.8580645161290322,
    "f1-score": 0.855305466237942,
    "support": 155
  },
  "macro avg": {
    "precision": 0.8865208780190398,
    "recall": 0.8649720005209205,
    "f1-score": 0.8723439167251703,
    "support": 155
  },
  "weighted avg": {
    "precision": 0.856971171617756,
    "recall": 0.8580645161290322,
    "f1-score": 0.8542957318517207,
    "support": 155
  },
  "accuracy": 0.9596456692913385
}