{
  "recipename": {
    "precision": 1.0,
    "recall": 0.7894736842105263,
    "f1-score": 0.8823529411764706,
    "support": 38,
    "confused_with": {
      "sort_type": 1
    }
  },
  "recipe_item": {
    "precision": 1.0,
    "recall": 1.0,
    "f1-score": 1.0,
    "support": 22,
    "confused_with": {}
  },
  "current_step_no": {
    "precision": 0.8571428571428571,
    "recall": 1.0,
    "f1-score": 0.923076923076923,
    "support": 6,
    "confused_with": {}
  },
  "recipe_id": {
    "precision": 1.0,
    "recall": 0.25,
    "f1-score": 0.4,
    "support": 4,
    "confused_with": {}
  },
  "sort_type": {
    "precision": 0.9375,
    "recall": 0.9375,
    "f1-score": 0.9375,
    "support": 16,
    "confused_with": {}
  },
  "sub_ingredients": {
    "precision": 0.9,
    "recall": 0.9473684210526315,
    "f1-score": 0.9230769230769231,
    "support": 19,
    "confused_with": {}
  },
  "dietary_req": {
    "precision": 1.0,
    "recall": 1.0,
    "f1-score": 1.0,
    "support": 21,
    "confused_with": {}
  },
  "intolerances": {
    "precision": 0.9117647058823529,
    "recall": 1.0,
    "f1-score": 0.9538461538461539,
    "support": 31,
    "confused_with": {}
  },
  "micro avg": {
    "precision": 0.9536423841059603,
    "recall": 0.9171974522292994,
    "f1-score": 0.935064935064935,
    "support": 157
  },
  "macro avg": {
    "precision": 0.9508009453781512,
    "recall": 0.8655427631578947,
    "f1-score": 0.8774816176470589,
    "support": 157
  },
  "weighted avg": {
    "precision": 0.9586468982497458,
    "recall": 0.9171974522292994,
    "f1-score": 0.9285067873303168,
    "support": 157
  },
  "accuracy": 0.9848619768477292
}