{
  "get_dietary_req": {
    "precision": 1.0,
    "recall": 0.8666666666666667,
    "f1-score": 0.9285714285714286,
    "support": 15,
    "confused_with": {
      "get_substitute_ingredient": 1,
      "get_sort_type": 1
    }
  },
  "get_info_questions": {
    "precision": 0.9444444444444444,
    "recall": 0.9444444444444444,
    "f1-score": 0.9444444444444444,
    "support": 18,
    "confused_with": {
      "confirm_recipe_items": 1
    }
  },
  "restart": {
    "precision": 0.75,
    "recall": 1.0,
    "f1-score": 0.8571428571428571,
    "support": 3,
    "confused_with": {}
  },
  "know_steps": {
    "precision": 1.0,
    "recall": 0.875,
    "f1-score": 0.9333333333333333,
    "support": 8,
    "confused_with": {
      "get_next_step": 1
    }
  },
  "greet": {
    "precision": 0.9333333333333333,
    "recall": 0.875,
    "f1-score": 0.9032258064516129,
    "support": 16,
    "confused_with": {
      "goodbye": 2
    }
  },
  "get_recipeid": {
    "precision": 1.0,
    "recall": 0.75,
    "f1-score": 0.8571428571428571,
    "support": 4,
    "confused_with": {
      "get_next_step": 1
    }
  },
  "get_next_step": {
    "precision": 0.8333333333333334,
    "recall": 1.0,
    "f1-score": 0.9090909090909091,
    "support": 10,
    "confused_with": {}
  },
  "goodbye": {
    "precision": 0.926829268292683,
    "recall": 0.9743589743589743,
    "f1-score": 0.9500000000000001,
    "support": 39,
    "confused_with": {
      "restart": 1
    }
  },
  "know_ingredients": {
    "precision": 1.0,
    "recall": 1.0,
    "f1-score": 1.0,
    "support": 14,
    "confused_with": {}
  },
  "get_intolerances": {
    "precision": 0.9565217391304348,
    "recall": 1.0,
    "f1-score": 0.9777777777777777,
    "support": 22,
    "confused_with": {}
  },
  "get_sort_type": {
    "precision": 0.9230769230769231,
    "recall": 1.0,
    "f1-score": 0.9600000000000001,
    "support": 12,
    "confused_with": {}
  },
  "get_previous_step": {
    "precision": 1.0,
    "recall": 1.0,
    "f1-score": 1.0,
    "support": 6,
    "confused_with": {}
  },
  "get_substitute_ingredient": {
    "precision": 0.9230769230769231,
    "recall": 0.9230769230769231,
    "f1-score": 0.9230769230769231,
    "support": 13,
    "confused_with": {
      "get_intolerances": 1
    }
  },
  "bot_challenge": {
    "precision": 1.0,
    "recall": 1.0,
    "f1-score": 1.0,
    "support": 4,
    "confused_with": {}
  },
  "cook": {
    "precision": 1.0,
    "recall": 0.9130434782608695,
    "f1-score": 0.9545454545454545,
    "support": 23,
    "confused_with": {
      "greet": 1,
      "get_info_questions": 1
    }
  },
  "get_n_step": {
    "precision": 1.0,
    "recall": 1.0,
    "f1-score": 1.0,
    "support": 6,
    "confused_with": {}
  },
  "know_equipment": {
    "precision": 1.0,
    "recall": 1.0,
    "f1-score": 1.0,
    "support": 8,
    "confused_with": {}
  },
  "confirm_recipe_items": {
    "precision": 0.9230769230769231,
    "recall": 0.9230769230769231,
    "f1-score": 0.9230769230769231,
    "support": 13,
    "confused_with": {
      "goodbye": 1
    }
  },
  "accuracy": 0.9487179487179487,
  "macro avg": {
    "precision": 0.9507607159869443,
    "recall": 0.9469259672158223,
    "f1-score": 0.9456349285919179,
    "support": 234
  },
  "weighted avg": {
    "precision": 0.9520658524268117,
    "recall": 0.9487179487179487,
    "f1-score": 0.9486043446796135,
    "support": 234
  },
  "micro avg": {
    "precision": 0.9487179487179487,
    "recall": 0.9487179487179487,
    "f1-score": 0.9487179487179487,
    "support": 234
  }
}