{
  "recipename": {
    "precision": 0.8,
    "recall": 0.4444444444444444,
    "f1-score": 0.5714285714285714,
    "support": 36,
    "confused_with": {}
  },
  "recipe_item": {
    "precision": 0.5384615384615384,
    "recall": 0.35,
    "f1-score": 0.4242424242424242,
    "support": 20,
    "confused_with": {
      "sub_ingredients": 4
    }
  },
  "current_step_no": {
    "precision": 1.0,
    "recall": 0.8333333333333334,
    "f1-score": 0.9090909090909091,
    "support": 6,
    "confused_with": {}
  },
  "recipe_id": {
    "precision": 1.0,
    "recall": 1.0,
    "f1-score": 1.0,
    "support": 4,
    "confused_with": {}
  },
  "sort_type": {
    "precision": 1.0,
    "recall": 0.8461538461538461,
    "f1-score": 0.9166666666666666,
    "support": 13,
    "confused_with": {}
  },
  "sub_ingredients": {
    "precision": 0.6,
    "recall": 0.35294117647058826,
    "f1-score": 0.4444444444444445,
    "support": 17,
    "confused_with": {
      "recipe_item": 3
    }
  },
  "dietary_req": {
    "precision": 1.0,
    "recall": 0.6666666666666666,
    "f1-score": 0.8,
    "support": 21,
    "confused_with": {
      "intolerances": 3
    }
  },
  "intolerances": {
    "precision": 0.875,
    "recall": 0.9655172413793104,
    "f1-score": 0.9180327868852458,
    "support": 29,
    "confused_with": {
      "recipename": 1
    }
  },
  "micro avg": {
    "precision": 0.8348623853211009,
    "recall": 0.6232876712328768,
    "f1-score": 0.7137254901960784,
    "support": 146
  },
  "macro avg": {
    "precision": 0.8516826923076923,
    "recall": 0.6823820885560237,
    "f1-score": 0.7479882253447827,
    "support": 146
  },
  "weighted avg": {
    "precision": 0.8160563751317176,
    "recall": 0.6232876712328768,
    "f1-score": 0.694561613374773,
    "support": 146
  },
  "accuracy": 0.947085201793722
}