{
  "sort_type": {
    "precision": 0.9090909090909091,
    "recall": 0.9090909090909091,
    "f1-score": 0.9090909090909091,
    "support": 11,
    "confused_with": {}
  },
  "dietary_req": {
    "precision": 0.9545454545454546,
    "recall": 1.0,
    "f1-score": 0.9767441860465117,
    "support": 21,
    "confused_with": {}
  },
  "recipename": {
    "precision": 0.9607843137254902,
    "recall": 0.9423076923076923,
    "f1-score": 0.9514563106796117,
    "support": 52,
    "confused_with": {}
  },
  "intolerances": {
    "precision": 0.9210526315789473,
    "recall": 0.9722222222222222,
    "f1-score": 0.9459459459459458,
    "support": 36,
    "confused_with": {}
  },
  "current_step_no": {
    "precision": 1.0,
    "recall": 1.0,
    "f1-score": 1.0,
    "support": 6,
    "confused_with": {}
  },
  "sub_ingredients": {
    "precision": 0.7894736842105263,
    "recall": 1.0,
    "f1-score": 0.8823529411764706,
    "support": 15,
    "confused_with": {}
  },
  "recipe_item": {
    "precision": 1.0,
    "recall": 0.625,
    "f1-score": 0.7692307692307693,
    "support": 16,
    "confused_with": {
      "sub_ingredients": 1
    }
  },
  "recipe_id": {
    "precision": 1.0,
    "recall": 0.5,
    "f1-score": 0.6666666666666666,
    "support": 4,
    "confused_with": {
      "intolerances": 2
    }
  },
  "micro avg": {
    "precision": 0.9308176100628931,
    "recall": 0.9192546583850931,
    "f1-score": 0.925,
    "support": 161
  },
  "macro avg": {
    "precision": 0.941868374143916,
    "recall": 0.8685776029526029,
    "f1-score": 0.8876859661046106,
    "support": 161
  },
  "weighted avg": {
    "precision": 0.9379269494359008,
    "recall": 0.9192546583850931,
    "f1-score": 0.9208140571948861,
    "support": 161
  },
  "accuracy": 0.9822222222222222
}