{
  "sort_type": {
    "precision": 1.0,
    "recall": 0.9333333333333333,
    "f1-score": 0.9655172413793104,
    "support": 15,
    "confused_with": {}
  },
  "dietary_req": {
    "precision": 1.0,
    "recall": 1.0,
    "f1-score": 1.0,
    "support": 24,
    "confused_with": {}
  },
  "recipename": {
    "precision": 1.0,
    "recall": 0.875,
    "f1-score": 0.9333333333333333,
    "support": 40,
    "confused_with": {
      "intolerances": 1
    }
  },
  "intolerances": {
    "precision": 0.9411764705882353,
    "recall": 0.9696969696969697,
    "f1-score": 0.955223880597015,
    "support": 33,
    "confused_with": {}
  },
  "current_step_no": {
    "precision": 1.0,
    "recall": 0.8333333333333334,
    "f1-score": 0.9090909090909091,
    "support": 6,
    "confused_with": {}
  },
  "sub_ingredients": {
    "precision": 1.0,
    "recall": 0.8235294117647058,
    "f1-score": 0.9032258064516129,
    "support": 17,
    "confused_with": {
      "recipe_item": 1
    }
  },
  "recipe_item": {
    "precision": 0.8333333333333334,
    "recall": 0.7894736842105263,
    "f1-score": 0.8108108108108109,
    "support": 19,
    "confused_with": {}
  },
  "recipe_id": {
    "precision": 1.0,
    "recall": 1.0,
    "f1-score": 1.0,
    "support": 4,
    "confused_with": {}
  },
  "micro avg": {
    "precision": 0.9662162162162162,
    "recall": 0.9050632911392406,
    "f1-score": 0.934640522875817,
    "support": 158
  },
  "macro avg": {
    "precision": 0.9718137254901962,
    "recall": 0.9030458415423586,
    "f1-score": 0.934650247707874,
    "support": 158
  },
  "weighted avg": {
    "precision": 0.9676718788781337,
    "recall": 0.9050632911392406,
    "f1-score": 0.9338814530591946,
    "support": 158
  },
  "accuracy": 0.9828734538534729
}