{
  "cook": {
    "precision": 0.9565217391304348,
    "recall": 0.9565217391304348,
    "f1-score": 0.9565217391304348,
    "support": 23,
    "confused_with": {
      "get_intolerances": 1
    }
  },
  "get_next_step": {
    "precision": 0.9090909090909091,
    "recall": 1.0,
    "f1-score": 0.9523809523809523,
    "support": 10,
    "confused_with": {}
  },
  "know_ingredients": {
    "precision": 0.9333333333333333,
    "recall": 1.0,
    "f1-score": 0.9655172413793104,
    "support": 14,
    "confused_with": {}
  },
  "get_dietary_req": {
    "precision": 1.0,
    "recall": 1.0,
    "f1-score": 1.0,
    "support": 15,
    "confused_with": {}
  },
  "know_equipment": {
    "precision": 0.8888888888888888,
    "recall": 1.0,
    "f1-score": 0.9411764705882353,
    "support": 8,
    "confused_with": {}
  },
  "greet": {
    "precision": 0.9285714285714286,
    "recall": 0.8125,
    "f1-score": 0.8666666666666666,
    "support": 16,
    "confused_with": {
      "goodbye": 3
    }
  },
  "get_recipeid": {
    "precision": 1.0,
    "recall": 0.75,
    "f1-score": 0.8571428571428571,
    "support": 4,
    "confused_with": {
      "goodbye": 1
    }
  },
  "confirm_recipe_items": {
    "precision": 1.0,
    "recall": 0.8461538461538461,
    "f1-score": 0.9166666666666666,
    "support": 13,
    "confused_with": {
      "know_equipment": 1,
      "cook": 1
    }
  },
  "get_intolerances": {
    "precision": 0.9166666666666666,
    "recall": 1.0,
    "f1-score": 0.9565217391304348,
    "support": 22,
    "confused_with": {}
  },
  "restart": {
    "precision": 1.0,
    "recall": 1.0,
    "f1-score": 1.0,
    "support": 3,
    "confused_with": {}
  },
  "get_previous_step": {
    "precision": 0.8333333333333334,
    "recall": 0.8333333333333334,
    "f1-score": 0.8333333333333334,
    "support": 6,
    "confused_with": {
      "know_steps": 1
    }
  },
  "goodbye": {
    "precision": 0.9047619047619048,
    "recall": 0.9743589743589743,
    "f1-score": 0.9382716049382716,
    "support": 39,
    "confused_with": {
      "greet": 1
    }
  },
  "get_info_questions": {
    "precision": 1.0,
    "recall": 0.8888888888888888,
    "f1-score": 0.9411764705882353,
    "support": 18,
    "confused_with": {
      "bot_challenge": 1,
      "get_substitute_ingredient": 1
    }
  },
  "get_n_step": {
    "precision": 1.0,
    "recall": 0.8333333333333334,
    "f1-score": 0.9090909090909091,
    "support": 6,
    "confused_with": {
      "get_previous_step": 1
    }
  },
  "know_steps": {
    "precision": 0.875,
    "recall": 0.875,
    "f1-score": 0.875,
    "support": 8,
    "confused_with": {
      "get_next_step": 1
    }
  },
  "bot_challenge": {
    "precision": 0.8,
    "recall": 1.0,
    "f1-score": 0.888888888888889,
    "support": 4,
    "confused_with": {}
  },
  "get_substitute_ingredient": {
    "precision": 0.9166666666666666,
    "recall": 0.8461538461538461,
    "f1-score": 0.8799999999999999,
    "support": 13,
    "confused_with": {
      "know_ingredients": 1,
      "get_intolerances": 1
    }
  },
  "get_sort_type": {
    "precision": 1.0,
    "recall": 1.0,
    "f1-score": 1.0,
    "support": 12,
    "confused_with": {}
  },
  "accuracy": 0.9358974358974359,
  "macro avg": {
    "precision": 0.9368241594690869,
    "recall": 0.9231246645195922,
    "f1-score": 0.926575307773622,
    "support": 234
  },
  "weighted avg": {
    "precision": 0.9388669972003304,
    "recall": 0.9358974358974359,
    "f1-score": 0.9350842554012048,
    "support": 234
  },
  "micro avg": {
    "precision": 0.9358974358974359,
    "recall": 0.9358974358974359,
    "f1-score": 0.9358974358974359,
    "support": 234
  }
}