{
  "sort_type": {
    "precision": 1.0,
    "recall": 0.9090909090909091,
    "f1-score": 0.9523809523809523,
    "support": 11,
    "confused_with": {}
  },
  "dietary_req": {
    "precision": 0.875,
    "recall": 1.0,
    "f1-score": 0.9333333333333333,
    "support": 21,
    "confused_with": {}
  },
  "recipename": {
    "precision": 0.9787234042553191,
    "recall": 0.8846153846153846,
    "f1-score": 0.9292929292929293,
    "support": 52,
    "confused_with": {}
  },
  "intolerances": {
    "precision": 0.868421052631579,
    "recall": 0.9166666666666666,
    "f1-score": 0.8918918918918918,
    "support": 36,
    "confused_with": {
      "sub_ingredients": 1
    }
  },
  "current_step_no": {
    "precision": 1.0,
    "recall": 1.0,
    "f1-score": 1.0,
    "support": 6,
    "confused_with": {}
  },
  "sub_ingredients": {
    "precision": 0.7368421052631579,
    "recall": 0.9333333333333333,
    "f1-score": 0.8235294117647058,
    "support": 15,
    "confused_with": {}
  },
  "recipe_item": {
    "precision": 0.8333333333333334,
    "recall": 0.3125,
    "f1-score": 0.45454545454545453,
    "support": 16,
    "confused_with": {
      "intolerances": 1
    }
  },
  "recipe_id": {
    "precision": 1.0,
    "recall": 0.5,
    "f1-score": 0.6666666666666666,
    "support": 4,
    "confused_with": {
      "intolerances": 2
    }
  },
  "micro avg": {
    "precision": 0.9013157894736842,
    "recall": 0.8509316770186336,
    "f1-score": 0.8753993610223643,
    "support": 161
  },
  "macro avg": {
    "precision": 0.9115399869354237,
    "recall": 0.8070257867132867,
    "f1-score": 0.8314550799844918,
    "support": 161
  },
  "weighted avg": {
    "precision": 0.9063213653931314,
    "recall": 0.8509316770186336,
    "f1-score": 0.8621109690894125,
    "support": 161
  },
  "accuracy": 0.9697777777777777
}