{
  "recipename": {
    "precision": 0.8421052631578947,
    "recall": 0.8888888888888888,
    "f1-score": 0.8648648648648649,
    "support": 36,
    "confused_with": {}
  },
  "recipe_item": {
    "precision": 0.8181818181818182,
    "recall": 0.9,
    "f1-score": 0.8571428571428572,
    "support": 20,
    "confused_with": {}
  },
  "current_step_no": {
    "precision": 1.0,
    "recall": 0.6666666666666666,
    "f1-score": 0.8,
    "support": 6,
    "confused_with": {}
  },
  "recipe_id": {
    "precision": 1.0,
    "recall": 1.0,
    "f1-score": 1.0,
    "support": 4,
    "confused_with": {}
  },
  "sort_type": {
    "precision": 1.0,
    "recall": 0.8461538461538461,
    "f1-score": 0.9166666666666666,
    "support": 13,
    "confused_with": {}
  },
  "sub_ingredients": {
    "precision": 1.0,
    "recall": 0.7647058823529411,
    "f1-score": 0.8666666666666666,
    "support": 17,
    "confused_with": {
      "recipename": 1,
      "recipe_item": 1
    }
  },
  "dietary_req": {
    "precision": 1.0,
    "recall": 0.8571428571428571,
    "f1-score": 0.923076923076923,
    "support": 21,
    "confused_with": {}
  },
  "intolerances": {
    "precision": 0.90625,
    "recall": 1.0,
    "f1-score": 0.9508196721311475,
    "support": 29,
    "confused_with": {}
  },
  "micro avg": {
    "precision": 0.9084507042253521,
    "recall": 0.8835616438356164,
    "f1-score": 0.8958333333333333,
    "support": 146
  },
  "macro avg": {
    "precision": 0.9458171351674641,
    "recall": 0.86544476765065,
    "f1-score": 0.8974047063186408,
    "support": 146
  },
  "weighted avg": {
    "precision": 0.9175388755980861,
    "recall": 0.8835616438356164,
    "f1-score": 0.8951121791398009,
    "support": 146
  },
  "accuracy": 0.9757847533632287
}