{
  "recipename": {
    "precision": 0.9411764705882353,
    "recall": 0.8888888888888888,
    "f1-score": 0.9142857142857143,
    "support": 36,
    "confused_with": {
      "recipe_item": 3
    }
  },
  "recipe_item": {
    "precision": 0.782608695652174,
    "recall": 0.9,
    "f1-score": 0.8372093023255814,
    "support": 20,
    "confused_with": {}
  },
  "current_step_no": {
    "precision": 1.0,
    "recall": 0.6666666666666666,
    "f1-score": 0.8,
    "support": 6,
    "confused_with": {}
  },
  "recipe_id": {
    "precision": 1.0,
    "recall": 1.0,
    "f1-score": 1.0,
    "support": 4,
    "confused_with": {}
  },
  "sort_type": {
    "precision": 1.0,
    "recall": 0.9230769230769231,
    "f1-score": 0.9600000000000001,
    "support": 13,
    "confused_with": {}
  },
  "sub_ingredients": {
    "precision": 1.0,
    "recall": 0.8235294117647058,
    "f1-score": 0.9032258064516129,
    "support": 17,
    "confused_with": {
      "recipename": 2
    }
  },
  "dietary_req": {
    "precision": 1.0,
    "recall": 0.9523809523809523,
    "f1-score": 0.975609756097561,
    "support": 21,
    "confused_with": {}
  },
  "intolerances": {
    "precision": 0.9666666666666667,
    "recall": 1.0,
    "f1-score": 0.983050847457627,
    "support": 29,
    "confused_with": {}
  },
  "micro avg": {
    "precision": 0.9432624113475178,
    "recall": 0.910958904109589,
    "f1-score": 0.926829268292683,
    "support": 146
  },
  "macro avg": {
    "precision": 0.9613064791133845,
    "recall": 0.894317855347267,
    "f1-score": 0.9216726783272621,
    "support": 146
  },
  "weighted avg": {
    "precision": 0.9490949327914607,
    "recall": 0.910958904109589,
    "f1-score": 0.9266410268821555,
    "support": 146
  },
  "accuracy": 0.9856502242152466
}