{
  "get_substitute_ingredient": {
    "precision": 1.0,
    "recall": 0.7692307692307693,
    "f1-score": 0.8695652173913044,
    "support": 13,
    "confused_with": {
      "get_info_questions": 2,
      "confirm_recipe_items": 1
    }
  },
  "get_next_step": {
    "precision": 0.875,
    "recall": 0.7,
    "f1-score": 0.7777777777777777,
    "support": 10,
    "confused_with": {
      "know_steps": 3
    }
  },
  "know_ingredients": {
    "precision": 0.8666666666666667,
    "recall": 0.9285714285714286,
    "f1-score": 0.896551724137931,
    "support": 14,
    "confused_with": {
      "cook": 1
    }
  },
  "get_dietary_req": {
    "precision": 0.7368421052631579,
    "recall": 0.9333333333333333,
    "f1-score": 0.8235294117647058,
    "support": 15,
    "confused_with": {
      "get_intolerances": 1
    }
  },
  "goodbye": {
    "precision": 0.972972972972973,
    "recall": 0.9230769230769231,
    "f1-score": 0.9473684210526315,
    "support": 39,
    "confused_with": {
      "get_intolerances": 2,
      "greet": 1
    }
  },
  "get_recipeid": {
    "precision": 0.8,
    "recall": 1.0,
    "f1-score": 0.888888888888889,
    "support": 4,
    "confused_with": {}
  },
  "get_sort_type": {
    "precision": 0.9230769230769231,
    "recall": 1.0,
    "f1-score": 0.9600000000000001,
    "support": 12,
    "confused_with": {}
  },
  "get_intolerances": {
    "precision": 0.7142857142857143,
    "recall": 0.9090909090909091,
    "f1-score": 0.8,
    "support": 22,
    "confused_with": {
      "greet": 1,
      "get_dietary_req": 1
    }
  },
  "cook": {
    "precision": 0.9444444444444444,
    "recall": 0.7391304347826086,
    "f1-score": 0.8292682926829269,
    "support": 23,
    "confused_with": {
      "get_info_questions": 4,
      "confirm_recipe_items": 1
    }
  },
  "get_info_questions": {
    "precision": 0.6666666666666666,
    "recall": 0.6666666666666666,
    "f1-score": 0.6666666666666666,
    "support": 18,
    "confused_with": {
      "get_dietary_req": 2,
      "get_intolerances": 2
    }
  },
  "bot_challenge": {
    "precision": 0.6666666666666666,
    "recall": 0.5,
    "f1-score": 0.5714285714285715,
    "support": 4,
    "confused_with": {
      "greet": 1,
      "get_dietary_req": 1
    }
  },
  "get_previous_step": {
    "precision": 0.8571428571428571,
    "recall": 1.0,
    "f1-score": 0.923076923076923,
    "support": 6,
    "confused_with": {}
  },
  "restart": {
    "precision": 1.0,
    "recall": 0.6666666666666666,
    "f1-score": 0.8,
    "support": 3,
    "confused_with": {
      "get_recipeid": 1
    }
  },
  "confirm_recipe_items": {
    "precision": 0.8571428571428571,
    "recall": 0.9230769230769231,
    "f1-score": 0.888888888888889,
    "support": 13,
    "confused_with": {
      "goodbye": 1
    }
  },
  "greet": {
    "precision": 0.8125,
    "recall": 0.8125,
    "f1-score": 0.8125,
    "support": 16,
    "confused_with": {
      "get_intolerances": 3
    }
  },
  "know_steps": {
    "precision": 0.625,
    "recall": 0.625,
    "f1-score": 0.625,
    "support": 8,
    "confused_with": {
      "get_previous_step": 1,
      "get_next_step": 1
    }
  },
  "get_n_step": {
    "precision": 1.0,
    "recall": 0.8333333333333334,
    "f1-score": 0.9090909090909091,
    "support": 6,
    "confused_with": {
      "get_sort_type": 1
    }
  },
  "know_equipment": {
    "precision": 0.875,
    "recall": 0.875,
    "f1-score": 0.875,
    "support": 8,
    "confused_with": {
      "know_ingredients": 1
    }
  },
  "accuracy": 0.8418803418803419,
  "macro avg": {
    "precision": 0.8440782152404959,
    "recall": 0.8224820771016423,
    "f1-score": 0.8258112051582291,
    "support": 234
  },
  "weighted avg": {
    "precision": 0.8527680462565752,
    "recall": 0.8418803418803419,
    "f1-score": 0.8415263353028151,
    "support": 234
  },
  "micro avg": {
    "precision": 0.8418803418803419,
    "recall": 0.8418803418803419,
    "f1-score": 0.8418803418803419,
    "support": 234
  }
}