{
  "recipe_item": {
    "precision": 0.7222222222222222,
    "recall": 0.6190476190476191,
    "f1-score": 0.6666666666666666,
    "support": 21,
    "confused_with": {
      "recipename": 3
    }
  },
  "sort_type": {
    "precision": 0.9333333333333333,
    "recall": 1.0,
    "f1-score": 0.9655172413793104,
    "support": 14,
    "confused_with": {}
  },
  "dietary_req": {
    "precision": 1.0,
    "recall": 0.8888888888888888,
    "f1-score": 0.9411764705882353,
    "support": 18,
    "confused_with": {}
  },
  "recipename": {
    "precision": 0.6511627906976745,
    "recall": 0.717948717948718,
    "f1-score": 0.6829268292682927,
    "support": 39,
    "confused_with": {}
  },
  "intolerances": {
    "precision": 0.967741935483871,
    "recall": 0.9090909090909091,
    "f1-score": 0.9374999999999999,
    "support": 33,
    "confused_with": {
      "sub_ingredients": 1
    }
  },
  "recipe_id": {
    "precision": 1.0,
    "recall": 0.5,
    "f1-score": 0.6666666666666666,
    "support": 4,
    "confused_with": {
      "recipename": 1
    }
  },
  "sub_ingredients": {
    "precision": 0.5,
    "recall": 0.5714285714285714,
    "f1-score": 0.5333333333333333,
    "support": 14,
    "confused_with": {
      "recipe_item": 2
    }
  },
  "current_step_no": {
    "precision": 0.8571428571428571,
    "recall": 1.0,
    "f1-score": 0.923076923076923,
    "support": 6,
    "confused_with": {}
  },
  "micro avg": {
    "precision": 0.7905405405405406,
    "recall": 0.785234899328859,
    "f1-score": 0.7878787878787878,
    "support": 149
  },
  "macro avg": {
    "precision": 0.8289503923599948,
    "recall": 0.7758005883005883,
    "f1-score": 0.7896080163724284,
    "support": 149
  },
  "weighted avg": {
    "precision": 0.8034028401635405,
    "recall": 0.785234899328859,
    "f1-score": 0.7899453628399791,
    "support": 149
  },
  "accuracy": 0.9500891265597148
}