{
  "sort_type": {
    "precision": 1.0,
    "recall": 0.9285714285714286,
    "f1-score": 0.962962962962963,
    "support": 14,
    "confused_with": {}
  },
  "dietary_req": {
    "precision": 1.0,
    "recall": 1.0,
    "f1-score": 1.0,
    "support": 23,
    "confused_with": {}
  },
  "recipename": {
    "precision": 0.9705882352941176,
    "recall": 0.825,
    "f1-score": 0.8918918918918919,
    "support": 40,
    "confused_with": {}
  },
  "intolerances": {
    "precision": 0.8928571428571429,
    "recall": 0.8928571428571429,
    "f1-score": 0.8928571428571429,
    "support": 28,
    "confused_with": {
      "recipe_id": 1
    }
  },
  "current_step_no": {
    "precision": 1.0,
    "recall": 0.8333333333333334,
    "f1-score": 0.9090909090909091,
    "support": 6,
    "confused_with": {}
  },
  "sub_ingredients": {
    "precision": 1.0,
    "recall": 0.8235294117647058,
    "f1-score": 0.9032258064516129,
    "support": 17,
    "confused_with": {}
  },
  "recipe_item": {
    "precision": 1.0,
    "recall": 0.6842105263157895,
    "f1-score": 0.8125000000000001,
    "support": 19,
    "confused_with": {}
  },
  "recipe_id": {
    "precision": 0.75,
    "recall": 0.75,
    "f1-score": 0.75,
    "support": 4,
    "confused_with": {}
  },
  "micro avg": {
    "precision": 0.9626865671641791,
    "recall": 0.8543046357615894,
    "f1-score": 0.9052631578947369,
    "support": 151
  },
  "macro avg": {
    "precision": 0.9516806722689075,
    "recall": 0.8421877303553,
    "f1-score": 0.890316089156815,
    "support": 151
  },
  "weighted avg": {
    "precision": 0.9657187378262563,
    "recall": 0.8543046357615894,
    "f1-score": 0.9033380219958942,
    "support": 151
  },
  "accuracy": 0.9728601252609603
}