{
  "recipe_item": {
    "precision": 1.0,
    "recall": 0.8947368421052632,
    "f1-score": 0.9444444444444444,
    "support": 19,
    "confused_with": {}
  },
  "sort_type": {
    "precision": 0.9411764705882353,
    "recall": 1.0,
    "f1-score": 0.9696969696969697,
    "support": 16,
    "confused_with": {}
  },
  "dietary_req": {
    "precision": 0.8333333333333334,
    "recall": 0.9259259259259259,
    "f1-score": 0.8771929824561403,
    "support": 27,
    "confused_with": {}
  },
  "recipename": {
    "precision": 1.0,
    "recall": 0.7735849056603774,
    "f1-score": 0.8723404255319149,
    "support": 53,
    "confused_with": {}
  },
  "intolerances": {
    "precision": 1.0,
    "recall": 0.8214285714285714,
    "f1-score": 0.9019607843137255,
    "support": 28,
    "confused_with": {}
  },
  "recipe_id": {
    "precision": 1.0,
    "recall": 1.0,
    "f1-score": 1.0,
    "support": 4,
    "confused_with": {}
  },
  "sub_ingredients": {
    "precision": 0.8333333333333334,
    "recall": 0.6666666666666666,
    "f1-score": 0.7407407407407408,
    "support": 15,
    "confused_with": {
      "dietary_req": 4
    }
  },
  "current_step_no": {
    "precision": 1.0,
    "recall": 0.8333333333333334,
    "f1-score": 0.9090909090909091,
    "support": 6,
    "confused_with": {}
  },
  "micro avg": {
    "precision": 0.9463087248322147,
    "recall": 0.8392857142857143,
    "f1-score": 0.889589905362776,
    "support": 168
  },
  "macro avg": {
    "precision": 0.9509803921568627,
    "recall": 0.8644595306400172,
    "f1-score": 0.9019334070343556,
    "support": 168
  },
  "weighted avg": {
    "precision": 0.9527310924369748,
    "recall": 0.8392857142857143,
    "f1-score": 0.888085759318715,
    "support": 168
  },
  "accuracy": 0.9726872246696036
}