{
  "sort_type": {
    "precision": 0.9090909090909091,
    "recall": 0.9090909090909091,
    "f1-score": 0.9090909090909091,
    "support": 11,
    "confused_with": {}
  },
  "dietary_req": {
    "precision": 0.9130434782608695,
    "recall": 1.0,
    "f1-score": 0.9545454545454545,
    "support": 21,
    "confused_with": {}
  },
  "recipename": {
    "precision": 0.9795918367346939,
    "recall": 0.9230769230769231,
    "f1-score": 0.9504950495049506,
    "support": 52,
    "confused_with": {}
  },
  "intolerances": {
    "precision": 0.918918918918919,
    "recall": 0.9444444444444444,
    "f1-score": 0.9315068493150684,
    "support": 36,
    "confused_with": {
      "dietary_req": 1
    }
  },
  "current_step_no": {
    "precision": 1.0,
    "recall": 1.0,
    "f1-score": 1.0,
    "support": 6,
    "confused_with": {}
  },
  "sub_ingredients": {
    "precision": 0.8235294117647058,
    "recall": 0.9333333333333333,
    "f1-score": 0.8749999999999999,
    "support": 15,
    "confused_with": {}
  },
  "recipe_item": {
    "precision": 0.9230769230769231,
    "recall": 0.75,
    "f1-score": 0.8275862068965517,
    "support": 16,
    "confused_with": {}
  },
  "recipe_id": {
    "precision": 1.0,
    "recall": 0.5,
    "f1-score": 0.6666666666666666,
    "support": 4,
    "confused_with": {
      "intolerances": 2
    }
  },
  "micro avg": {
    "precision": 0.930379746835443,
    "recall": 0.9130434782608695,
    "f1-score": 0.9216300940438872,
    "support": 161
  },
  "macro avg": {
    "precision": 0.9334064347308776,
    "recall": 0.8699932012432012,
    "f1-score": 0.8893613920024501,
    "support": 161
  },
  "weighted avg": {
    "precision": 0.9336393886985389,
    "recall": 0.9130434782608695,
    "f1-score": 0.919493724671217,
    "support": 161
  },
  "accuracy": 0.9804444444444445
}