{
  "sort_type": {
    "precision": 1.0,
    "recall": 0.8181818181818182,
    "f1-score": 0.9,
    "support": 11,
    "confused_with": {}
  },
  "dietary_req": {
    "precision": 0.8260869565217391,
    "recall": 0.95,
    "f1-score": 0.8837209302325583,
    "support": 20,
    "confused_with": {}
  },
  "recipename": {
    "precision": 0.9583333333333334,
    "recall": 0.92,
    "f1-score": 0.9387755102040817,
    "support": 50,
    "confused_with": {}
  },
  "intolerances": {
    "precision": 0.8787878787878788,
    "recall": 0.9354838709677419,
    "f1-score": 0.90625,
    "support": 31,
    "confused_with": {
      "dietary_req": 1
    }
  },
  "current_step_no": {
    "precision": 1.0,
    "recall": 0.8333333333333334,
    "f1-score": 0.9090909090909091,
    "support": 6,
    "confused_with": {}
  },
  "sub_ingredients": {
    "precision": 0.7368421052631579,
    "recall": 0.9333333333333333,
    "f1-score": 0.8235294117647058,
    "support": 15,
    "confused_with": {}
  },
  "recipe_item": {
    "precision": 1.0,
    "recall": 0.6875,
    "f1-score": 0.8148148148148148,
    "support": 16,
    "confused_with": {}
  },
  "recipe_id": {
    "precision": 1.0,
    "recall": 0.5,
    "f1-score": 0.6666666666666666,
    "support": 4,
    "confused_with": {
      "intolerances": 2
    }
  },
  "micro avg": {
    "precision": 0.9,
    "recall": 0.8823529411764706,
    "f1-score": 0.8910891089108911,
    "support": 153
  },
  "macro avg": {
    "precision": 0.9250062842382636,
    "recall": 0.8222290444770284,
    "f1-score": 0.855356030346717,
    "support": 153
  },
  "weighted avg": {
    "precision": 0.9132905988135493,
    "recall": 0.8823529411764706,
    "f1-score": 0.8896610094743463,
    "support": 153
  },
  "accuracy": 0.9705882352941176
}