{
  "cook": {
    "precision": 0.88,
    "recall": 0.9565217391304348,
    "f1-score": 0.9166666666666666,
    "support": 23,
    "confused_with": {
      "get_intolerances": 1
    }
  },
  "get_next_step": {
    "precision": 0.9090909090909091,
    "recall": 1.0,
    "f1-score": 0.9523809523809523,
    "support": 10,
    "confused_with": {}
  },
  "know_ingredients": {
    "precision": 0.9333333333333333,
    "recall": 1.0,
    "f1-score": 0.9655172413793104,
    "support": 14,
    "confused_with": {}
  },
  "get_dietary_req": {
    "precision": 1.0,
    "recall": 1.0,
    "f1-score": 1.0,
    "support": 15,
    "confused_with": {}
  },
  "know_equipment": {
    "precision": 0.8888888888888888,
    "recall": 1.0,
    "f1-score": 0.9411764705882353,
    "support": 8,
    "confused_with": {}
  },
  "greet": {
    "precision": 0.9230769230769231,
    "recall": 0.75,
    "f1-score": 0.8275862068965517,
    "support": 16,
    "confused_with": {
      "goodbye": 4
    }
  },
  "get_recipeid": {
    "precision": 1.0,
    "recall": 0.5,
    "f1-score": 0.6666666666666666,
    "support": 4,
    "confused_with": {
      "cook": 1,
      "goodbye": 1
    }
  },
  "confirm_recipe_items": {
    "precision": 1.0,
    "recall": 0.8461538461538461,
    "f1-score": 0.9166666666666666,
    "support": 13,
    "confused_with": {
      "know_equipment": 1,
      "cook": 1
    }
  },
  "get_intolerances": {
    "precision": 0.9166666666666666,
    "recall": 1.0,
    "f1-score": 0.9565217391304348,
    "support": 22,
    "confused_with": {}
  },
  "restart": {
    "precision": 1.0,
    "recall": 1.0,
    "f1-score": 1.0,
    "support": 3,
    "confused_with": {}
  },
  "get_previous_step": {
    "precision": 0.8571428571428571,
    "recall": 1.0,
    "f1-score": 0.923076923076923,
    "support": 6,
    "confused_with": {}
  },
  "goodbye": {
    "precision": 0.8837209302325582,
    "recall": 0.9743589743589743,
    "f1-score": 0.9268292682926831,
    "support": 39,
    "confused_with": {
      "greet": 1
    }
  },
  "get_info_questions": {
    "precision": 0.9411764705882353,
    "recall": 0.8888888888888888,
    "f1-score": 0.9142857142857143,
    "support": 18,
    "confused_with": {
      "bot_challenge": 1,
      "get_substitute_ingredient": 1
    }
  },
  "get_n_step": {
    "precision": 1.0,
    "recall": 0.8333333333333334,
    "f1-score": 0.9090909090909091,
    "support": 6,
    "confused_with": {
      "get_previous_step": 1
    }
  },
  "know_steps": {
    "precision": 1.0,
    "recall": 0.75,
    "f1-score": 0.8571428571428571,
    "support": 8,
    "confused_with": {
      "cook": 1,
      "get_next_step": 1
    }
  },
  "bot_challenge": {
    "precision": 0.75,
    "recall": 0.75,
    "f1-score": 0.75,
    "support": 4,
    "confused_with": {
      "get_info_questions": 1
    }
  },
  "get_substitute_ingredient": {
    "precision": 0.9166666666666666,
    "recall": 0.8461538461538461,
    "f1-score": 0.8799999999999999,
    "support": 13,
    "confused_with": {
      "know_ingredients": 1,
      "get_intolerances": 1
    }
  },
  "get_sort_type": {
    "precision": 1.0,
    "recall": 1.0,
    "f1-score": 1.0,
    "support": 12,
    "confused_with": {}
  },
  "accuracy": 0.9230769230769231,
  "macro avg": {
    "precision": 0.9333202025381687,
    "recall": 0.8941894793344068,
    "f1-score": 0.905756015681365,
    "support": 234
  },
  "weighted avg": {
    "precision": 0.9269675250588295,
    "recall": 0.9230769230769231,
    "f1-score": 0.9205795772496331,
    "support": 234
  },
  "micro avg": {
    "precision": 0.9230769230769231,
    "recall": 0.9230769230769231,
    "f1-score": 0.9230769230769231,
    "support": 234
  }
}