{
  "recipe_item": {
    "precision": 0.9473684210526315,
    "recall": 0.8571428571428571,
    "f1-score": 0.9,
    "support": 21,
    "confused_with": {}
  },
  "sort_type": {
    "precision": 0.8571428571428571,
    "recall": 0.8571428571428571,
    "f1-score": 0.8571428571428571,
    "support": 14,
    "confused_with": {}
  },
  "dietary_req": {
    "precision": 1.0,
    "recall": 0.8333333333333334,
    "f1-score": 0.9090909090909091,
    "support": 18,
    "confused_with": {}
  },
  "recipename": {
    "precision": 0.8292682926829268,
    "recall": 0.8717948717948718,
    "f1-score": 0.8500000000000001,
    "support": 39,
    "confused_with": {}
  },
  "intolerances": {
    "precision": 0.9411764705882353,
    "recall": 0.9696969696969697,
    "f1-score": 0.955223880597015,
    "support": 33,
    "confused_with": {}
  },
  "recipe_id": {
    "precision": 1.0,
    "recall": 0.5,
    "f1-score": 0.6666666666666666,
    "support": 4,
    "confused_with": {}
  },
  "sub_ingredients": {
    "precision": 0.6666666666666666,
    "recall": 0.7142857142857143,
    "f1-score": 0.689655172413793,
    "support": 14,
    "confused_with": {}
  },
  "current_step_no": {
    "precision": 1.0,
    "recall": 0.8333333333333334,
    "f1-score": 0.9090909090909091,
    "support": 6,
    "confused_with": {}
  },
  "micro avg": {
    "precision": 0.8827586206896552,
    "recall": 0.8590604026845637,
    "f1-score": 0.8707482993197279,
    "support": 149
  },
  "macro avg": {
    "precision": 0.9052028385166646,
    "recall": 0.8045912420912421,
    "f1-score": 0.8421087993752687,
    "support": 149
  },
  "weighted avg": {
    "precision": 0.8901232021441914,
    "recall": 0.8590604026845637,
    "f1-score": 0.8705530802573361,
    "support": 149
  },
  "accuracy": 0.966131907308378
}