{
  "recipename": {
    "precision": 1.0,
    "recall": 0.7894736842105263,
    "f1-score": 0.8823529411764706,
    "support": 38,
    "confused_with": {
      "sort_type": 1
    }
  },
  "recipe_item": {
    "precision": 0.9545454545454546,
    "recall": 0.9545454545454546,
    "f1-score": 0.9545454545454546,
    "support": 22,
    "confused_with": {}
  },
  "current_step_no": {
    "precision": 1.0,
    "recall": 1.0,
    "f1-score": 1.0,
    "support": 6,
    "confused_with": {}
  },
  "recipe_id": {
    "precision": 1.0,
    "recall": 0.25,
    "f1-score": 0.4,
    "support": 4,
    "confused_with": {}
  },
  "sort_type": {
    "precision": 0.9411764705882353,
    "recall": 1.0,
    "f1-score": 0.9696969696969697,
    "support": 16,
    "confused_with": {}
  },
  "sub_ingredients": {
    "precision": 1.0,
    "recall": 0.7368421052631579,
    "f1-score": 0.8484848484848484,
    "support": 19,
    "confused_with": {
      "recipe_item": 1
    }
  },
  "dietary_req": {
    "precision": 1.0,
    "recall": 1.0,
    "f1-score": 1.0,
    "support": 21,
    "confused_with": {}
  },
  "intolerances": {
    "precision": 0.9393939393939394,
    "recall": 1.0,
    "f1-score": 0.96875,
    "support": 31,
    "confused_with": {}
  },
  "micro avg": {
    "precision": 0.9722222222222222,
    "recall": 0.89171974522293,
    "f1-score": 0.9302325581395349,
    "support": 157
  },
  "macro avg": {
    "precision": 0.9793894830659537,
    "recall": 0.8413576555023923,
    "f1-score": 0.8779787767379679,
    "support": 157
  },
  "weighted avg": {
    "precision": 0.9756690168829547,
    "recall": 0.89171974522293,
    "f1-score": 0.9222740471405703,
    "support": 157
  },
  "accuracy": 0.9839715048975958
}