{
  "sort_type": {
    "precision": 0.8125,
    "recall": 1.0,
    "f1-score": 0.896551724137931,
    "support": 13,
    "confused_with": {}
  },
  "dietary_req": {
    "precision": 0.9285714285714286,
    "recall": 0.9629629629629629,
    "f1-score": 0.9454545454545454,
    "support": 27,
    "confused_with": {}
  },
  "recipename": {
    "precision": 0.9512195121951219,
    "recall": 0.9512195121951219,
    "f1-score": 0.9512195121951219,
    "support": 41,
    "confused_with": {}
  },
  "intolerances": {
    "precision": 1.0,
    "recall": 0.9285714285714286,
    "f1-score": 0.962962962962963,
    "support": 28,
    "confused_with": {}
  },
  "current_step_no": {
    "precision": 1.0,
    "recall": 0.8333333333333334,
    "f1-score": 0.9090909090909091,
    "support": 6,
    "confused_with": {}
  },
  "sub_ingredients": {
    "precision": 0.8095238095238095,
    "recall": 0.8947368421052632,
    "f1-score": 0.8500000000000001,
    "support": 19,
    "confused_with": {}
  },
  "recipe_item": {
    "precision": 0.76,
    "recall": 0.8260869565217391,
    "f1-score": 0.7916666666666667,
    "support": 23,
    "confused_with": {}
  },
  "recipe_id": {
    "precision": 1.0,
    "recall": 1.0,
    "f1-score": 1.0,
    "support": 4,
    "confused_with": {}
  },
  "micro avg": {
    "precision": 0.8975903614457831,
    "recall": 0.9254658385093167,
    "f1-score": 0.91131498470948,
    "support": 161
  },
  "macro avg": {
    "precision": 0.9077268437862951,
    "recall": 0.9246138794612312,
    "f1-score": 0.9133682900635172,
    "support": 161
  },
  "weighted avg": {
    "precision": 0.9036949127477077,
    "recall": 0.9254658385093167,
    "f1-score": 0.9127843906329662,
    "support": 161
  },
  "accuracy": 0.9741992882562278
}