{
  "sort_type": {
    "precision": 1.0,
    "recall": 1.0,
    "f1-score": 1.0,
    "support": 11,
    "confused_with": {}
  },
  "dietary_req": {
    "precision": 0.9090909090909091,
    "recall": 1.0,
    "f1-score": 0.9523809523809523,
    "support": 20,
    "confused_with": {}
  },
  "recipename": {
    "precision": 0.96,
    "recall": 0.96,
    "f1-score": 0.96,
    "support": 50,
    "confused_with": {}
  },
  "intolerances": {
    "precision": 0.90625,
    "recall": 0.9354838709677419,
    "f1-score": 0.9206349206349206,
    "support": 31,
    "confused_with": {
      "dietary_req": 1
    }
  },
  "current_step_no": {
    "precision": 1.0,
    "recall": 0.8333333333333334,
    "f1-score": 0.9090909090909091,
    "support": 6,
    "confused_with": {}
  },
  "sub_ingredients": {
    "precision": 0.8333333333333334,
    "recall": 1.0,
    "f1-score": 0.9090909090909091,
    "support": 15,
    "confused_with": {}
  },
  "recipe_item": {
    "precision": 0.9285714285714286,
    "recall": 0.8125,
    "f1-score": 0.8666666666666666,
    "support": 16,
    "confused_with": {}
  },
  "recipe_id": {
    "precision": 1.0,
    "recall": 0.5,
    "f1-score": 0.6666666666666666,
    "support": 4,
    "confused_with": {
      "intolerances": 2
    }
  },
  "micro avg": {
    "precision": 0.9285714285714286,
    "recall": 0.934640522875817,
    "f1-score": 0.9315960912052117,
    "support": 153
  },
  "macro avg": {
    "precision": 0.9421557088744589,
    "recall": 0.8801646505376344,
    "f1-score": 0.898066378066378,
    "support": 153
  },
  "weighted avg": {
    "precision": 0.932239941431118,
    "recall": 0.934640522875817,
    "f1-score": 0.9294872157617254,
    "support": 153
  },
  "accuracy": 0.9823529411764705
}