{
  "recipename": {
    "precision": 0.967741935483871,
    "recall": 0.8333333333333334,
    "f1-score": 0.8955223880597015,
    "support": 36,
    "confused_with": {}
  },
  "recipe_item": {
    "precision": 0.9523809523809523,
    "recall": 1.0,
    "f1-score": 0.975609756097561,
    "support": 20,
    "confused_with": {}
  },
  "current_step_no": {
    "precision": 1.0,
    "recall": 0.8333333333333334,
    "f1-score": 0.9090909090909091,
    "support": 6,
    "confused_with": {}
  },
  "recipe_id": {
    "precision": 1.0,
    "recall": 1.0,
    "f1-score": 1.0,
    "support": 4,
    "confused_with": {}
  },
  "sort_type": {
    "precision": 1.0,
    "recall": 0.9230769230769231,
    "f1-score": 0.9600000000000001,
    "support": 13,
    "confused_with": {}
  },
  "sub_ingredients": {
    "precision": 0.9411764705882353,
    "recall": 0.9411764705882353,
    "f1-score": 0.9411764705882353,
    "support": 17,
    "confused_with": {}
  },
  "dietary_req": {
    "precision": 1.0,
    "recall": 0.9523809523809523,
    "f1-score": 0.975609756097561,
    "support": 21,
    "confused_with": {}
  },
  "intolerances": {
    "precision": 0.9354838709677419,
    "recall": 1.0,
    "f1-score": 0.9666666666666666,
    "support": 29,
    "confused_with": {}
  },
  "micro avg": {
    "precision": 0.9645390070921985,
    "recall": 0.9315068493150684,
    "f1-score": 0.9477351916376308,
    "support": 146
  },
  "macro avg": {
    "precision": 0.9745979036776001,
    "recall": 0.9354126265890972,
    "f1-score": 0.9529594933250793,
    "support": 146
  },
  "weighted avg": {
    "precision": 0.965858636870568,
    "recall": 0.9315068493150684,
    "f1-score": 0.9466211284796442,
    "support": 146
  },
  "accuracy": 0.9865470852017937
}