{
  "get_dietary_req": {
    "precision": 1.0,
    "recall": 1.0,
    "f1-score": 1.0,
    "support": 15,
    "confused_with": {}
  },
  "get_info_questions": {
    "precision": 0.9,
    "recall": 1.0,
    "f1-score": 0.9473684210526316,
    "support": 18,
    "confused_with": {}
  },
  "restart": {
    "precision": 1.0,
    "recall": 0.6666666666666666,
    "f1-score": 0.8,
    "support": 3,
    "confused_with": {
      "Restart": 1
    }
  },
  "know_steps": {
    "precision": 1.0,
    "recall": 0.875,
    "f1-score": 0.9333333333333333,
    "support": 8,
    "confused_with": {
      "get_next_step": 1
    }
  },
  "greet": {
    "precision": 0.8421052631578947,
    "recall": 1.0,
    "f1-score": 0.9142857142857143,
    "support": 16,
    "confused_with": {}
  },
  "get_recipeid": {
    "precision": 1.0,
    "recall": 1.0,
    "f1-score": 1.0,
    "support": 4,
    "confused_with": {}
  },
  "get_next_step": {
    "precision": 0.8333333333333334,
    "recall": 1.0,
    "f1-score": 0.9090909090909091,
    "support": 10,
    "confused_with": {}
  },
  "goodbye": {
    "precision": 1.0,
    "recall": 0.9230769230769231,
    "f1-score": 0.9600000000000001,
    "support": 39,
    "confused_with": {
      "greet": 2,
      "get_next_step": 1
    }
  },
  "know_ingredients": {
    "precision": 1.0,
    "recall": 0.9285714285714286,
    "f1-score": 0.962962962962963,
    "support": 14,
    "confused_with": {
      "get_info_questions": 1
    }
  },
  "get_intolerances": {
    "precision": 0.9565217391304348,
    "recall": 1.0,
    "f1-score": 0.9777777777777777,
    "support": 22,
    "confused_with": {}
  },
  "get_sort_type": {
    "precision": 1.0,
    "recall": 0.9166666666666666,
    "f1-score": 0.9565217391304348,
    "support": 12,
    "confused_with": {
      "cook": 1
    }
  },
  "get_previous_step": {
    "precision": 0.8571428571428571,
    "recall": 1.0,
    "f1-score": 0.923076923076923,
    "support": 6,
    "confused_with": {}
  },
  "get_substitute_ingredient": {
    "precision": 0.9230769230769231,
    "recall": 0.9230769230769231,
    "f1-score": 0.9230769230769231,
    "support": 13,
    "confused_with": {
      "get_intolerances": 1
    }
  },
  "bot_challenge": {
    "precision": 1.0,
    "recall": 1.0,
    "f1-score": 1.0,
    "support": 4,
    "confused_with": {}
  },
  "cook": {
    "precision": 0.9545454545454546,
    "recall": 0.9130434782608695,
    "f1-score": 0.9333333333333332,
    "support": 23,
    "confused_with": {
      "greet": 1,
      "get_info_questions": 1
    }
  },
  "get_n_step": {
    "precision": 1.0,
    "recall": 0.8333333333333334,
    "f1-score": 0.9090909090909091,
    "support": 6,
    "confused_with": {
      "get_previous_step": 1
    }
  },
  "know_equipment": {
    "precision": 1.0,
    "recall": 0.875,
    "f1-score": 0.9333333333333333,
    "support": 8,
    "confused_with": {
      "get_substitute_ingredient": 1
    }
  },
  "confirm_recipe_items": {
    "precision": 1.0,
    "recall": 1.0,
    "f1-score": 1.0,
    "support": 13,
    "confused_with": {}
  },
  "micro avg": {
    "precision": 0.9527896995708155,
    "recall": 0.9487179487179487,
    "f1-score": 0.9507494646680943,
    "support": 234
  },
  "macro avg": {
    "precision": 0.9592625316881609,
    "recall": 0.9363575233140451,
    "f1-score": 0.9435140155302881,
    "support": 234
  },
  "weighted avg": {
    "precision": 0.957897001718512,
    "recall": 0.9487179487179487,
    "f1-score": 0.9507520194597978,
    "support": 234
  },
  "accuracy": 0.9487179487179487
}