{
  "get_substitute_ingredient": {
    "precision": 1.0,
    "recall": 0.9230769230769231,
    "f1-score": 0.9600000000000001,
    "support": 13,
    "confused_with": {
      "know_ingredients": 1
    }
  },
  "get_next_step": {
    "precision": 1.0,
    "recall": 0.9,
    "f1-score": 0.9473684210526316,
    "support": 10,
    "confused_with": {
      "know_steps": 1
    }
  },
  "know_ingredients": {
    "precision": 0.8666666666666667,
    "recall": 0.9285714285714286,
    "f1-score": 0.896551724137931,
    "support": 14,
    "confused_with": {
      "get_intolerances": 1
    }
  },
  "get_dietary_req": {
    "precision": 1.0,
    "recall": 0.9333333333333333,
    "f1-score": 0.9655172413793104,
    "support": 15,
    "confused_with": {
      "goodbye": 1
    }
  },
  "goodbye": {
    "precision": 0.8444444444444444,
    "recall": 0.9743589743589743,
    "f1-score": 0.9047619047619048,
    "support": 39,
    "confused_with": {
      "greet": 1
    }
  },
  "get_recipeid": {
    "precision": 1.0,
    "recall": 0.5,
    "f1-score": 0.6666666666666666,
    "support": 4,
    "confused_with": {
      "goodbye": 2
    }
  },
  "get_sort_type": {
    "precision": 1.0,
    "recall": 0.9166666666666666,
    "f1-score": 0.9565217391304348,
    "support": 12,
    "confused_with": {
      "cook": 1
    }
  },
  "get_intolerances": {
    "precision": 0.9565217391304348,
    "recall": 1.0,
    "f1-score": 0.9777777777777777,
    "support": 22,
    "confused_with": {}
  },
  "cook": {
    "precision": 0.88,
    "recall": 0.9565217391304348,
    "f1-score": 0.9166666666666666,
    "support": 23,
    "confused_with": {
      "get_info_questions": 1
    }
  },
  "get_info_questions": {
    "precision": 0.9444444444444444,
    "recall": 0.9444444444444444,
    "f1-score": 0.9444444444444444,
    "support": 18,
    "confused_with": {
      "cook": 1
    }
  },
  "bot_challenge": {
    "precision": 1.0,
    "recall": 1.0,
    "f1-score": 1.0,
    "support": 4,
    "confused_with": {}
  },
  "get_previous_step": {
    "precision": 0.8571428571428571,
    "recall": 1.0,
    "f1-score": 0.923076923076923,
    "support": 6,
    "confused_with": {}
  },
  "restart": {
    "precision": 1.0,
    "recall": 1.0,
    "f1-score": 1.0,
    "support": 3,
    "confused_with": {}
  },
  "confirm_recipe_items": {
    "precision": 0.9166666666666666,
    "recall": 0.8461538461538461,
    "f1-score": 0.8799999999999999,
    "support": 13,
    "confused_with": {
      "know_ingredients": 1,
      "know_equipment": 1
    }
  },
  "greet": {
    "precision": 0.9230769230769231,
    "recall": 0.75,
    "f1-score": 0.8275862068965517,
    "support": 16,
    "confused_with": {
      "goodbye": 4
    }
  },
  "know_steps": {
    "precision": 0.7777777777777778,
    "recall": 0.875,
    "f1-score": 0.823529411764706,
    "support": 8,
    "confused_with": {
      "cook": 1
    }
  },
  "get_n_step": {
    "precision": 1.0,
    "recall": 0.8333333333333334,
    "f1-score": 0.9090909090909091,
    "support": 6,
    "confused_with": {
      "get_previous_step": 1
    }
  },
  "know_equipment": {
    "precision": 0.8571428571428571,
    "recall": 0.75,
    "f1-score": 0.7999999999999999,
    "support": 8,
    "confused_with": {
      "confirm_recipe_items": 1,
      "know_steps": 1
    }
  },
  "accuracy": 0.9145299145299145,
  "macro avg": {
    "precision": 0.934660243138504,
    "recall": 0.890636704948299,
    "f1-score": 0.9055311131581587,
    "support": 234
  },
  "weighted avg": {
    "precision": 0.9199071136139141,
    "recall": 0.9145299145299145,
    "f1-score": 0.9131447642436201,
    "support": 234
  },
  "micro avg": {
    "precision": 0.9145299145299145,
    "recall": 0.9145299145299145,
    "f1-score": 0.9145299145299145,
    "support": 234
  }
}