{
  "recipe_item": {
    "precision": 0.9473684210526315,
    "recall": 0.8571428571428571,
    "f1-score": 0.9,
    "support": 21,
    "confused_with": {}
  },
  "sort_type": {
    "precision": 0.6666666666666666,
    "recall": 0.8571428571428571,
    "f1-score": 0.75,
    "support": 14,
    "confused_with": {}
  },
  "dietary_req": {
    "precision": 1.0,
    "recall": 0.8333333333333334,
    "f1-score": 0.9090909090909091,
    "support": 18,
    "confused_with": {}
  },
  "recipename": {
    "precision": 0.8611111111111112,
    "recall": 0.7948717948717948,
    "f1-score": 0.8266666666666667,
    "support": 39,
    "confused_with": {}
  },
  "intolerances": {
    "precision": 0.9696969696969697,
    "recall": 0.9696969696969697,
    "f1-score": 0.9696969696969697,
    "support": 33,
    "confused_with": {}
  },
  "recipe_id": {
    "precision": 1.0,
    "recall": 0.5,
    "f1-score": 0.6666666666666666,
    "support": 4,
    "confused_with": {}
  },
  "sub_ingredients": {
    "precision": 0.7142857142857143,
    "recall": 0.7142857142857143,
    "f1-score": 0.7142857142857143,
    "support": 14,
    "confused_with": {
      "recipe_item": 1
    }
  },
  "current_step_no": {
    "precision": 1.0,
    "recall": 0.6666666666666666,
    "f1-score": 0.8,
    "support": 6,
    "confused_with": {}
  },
  "micro avg": {
    "precision": 0.8794326241134752,
    "recall": 0.8322147651006712,
    "f1-score": 0.8551724137931035,
    "support": 149
  },
  "macro avg": {
    "precision": 0.8948911103516367,
    "recall": 0.7741425241425242,
    "f1-score": 0.8170508658008657,
    "support": 149
  },
  "weighted avg": {
    "precision": 0.891351701401154,
    "recall": 0.8322147651006712,
    "f1-score": 0.8555053894651211,
    "support": 149
  },
  "accuracy": 0.9634581105169341
}