{
  "get_substitute_ingredient": {
    "precision": 1.0,
    "recall": 0.9230769230769231,
    "f1-score": 0.9600000000000001,
    "support": 13,
    "confused_with": {
      "confirm_recipe_items": 1
    }
  },
  "get_next_step": {
    "precision": 1.0,
    "recall": 1.0,
    "f1-score": 1.0,
    "support": 10,
    "confused_with": {}
  },
  "know_ingredients": {
    "precision": 0.9285714285714286,
    "recall": 0.9285714285714286,
    "f1-score": 0.9285714285714286,
    "support": 14,
    "confused_with": {
      "get_intolerances": 1
    }
  },
  "get_dietary_req": {
    "precision": 0.9285714285714286,
    "recall": 0.8666666666666667,
    "f1-score": 0.896551724137931,
    "support": 15,
    "confused_with": {
      "greet": 1,
      "goodbye": 1
    }
  },
  "goodbye": {
    "precision": 0.8636363636363636,
    "recall": 0.9743589743589743,
    "f1-score": 0.9156626506024097,
    "support": 39,
    "confused_with": {
      "greet": 1
    }
  },
  "get_recipeid": {
    "precision": 1.0,
    "recall": 0.5,
    "f1-score": 0.6666666666666666,
    "support": 4,
    "confused_with": {
      "goodbye": 2
    }
  },
  "get_sort_type": {
    "precision": 1.0,
    "recall": 0.9166666666666666,
    "f1-score": 0.9565217391304348,
    "support": 12,
    "confused_with": {
      "cook": 1
    }
  },
  "get_intolerances": {
    "precision": 0.9545454545454546,
    "recall": 0.9545454545454546,
    "f1-score": 0.9545454545454546,
    "support": 22,
    "confused_with": {
      "get_dietary_req": 1
    }
  },
  "cook": {
    "precision": 0.88,
    "recall": 0.9565217391304348,
    "f1-score": 0.9166666666666666,
    "support": 23,
    "confused_with": {
      "get_info_questions": 1
    }
  },
  "get_info_questions": {
    "precision": 0.8947368421052632,
    "recall": 0.9444444444444444,
    "f1-score": 0.918918918918919,
    "support": 18,
    "confused_with": {
      "cook": 1
    }
  },
  "bot_challenge": {
    "precision": 1.0,
    "recall": 0.75,
    "f1-score": 0.8571428571428571,
    "support": 4,
    "confused_with": {
      "get_info_questions": 1
    }
  },
  "get_previous_step": {
    "precision": 1.0,
    "recall": 1.0,
    "f1-score": 1.0,
    "support": 6,
    "confused_with": {}
  },
  "restart": {
    "precision": 1.0,
    "recall": 1.0,
    "f1-score": 1.0,
    "support": 3,
    "confused_with": {}
  },
  "confirm_recipe_items": {
    "precision": 0.9166666666666666,
    "recall": 0.8461538461538461,
    "f1-score": 0.8799999999999999,
    "support": 13,
    "confused_with": {
      "know_ingredients": 1,
      "know_equipment": 1
    }
  },
  "greet": {
    "precision": 0.8666666666666667,
    "recall": 0.8125,
    "f1-score": 0.8387096774193549,
    "support": 16,
    "confused_with": {
      "goodbye": 3
    }
  },
  "know_steps": {
    "precision": 1.0,
    "recall": 0.875,
    "f1-score": 0.9333333333333333,
    "support": 8,
    "confused_with": {
      "cook": 1
    }
  },
  "get_n_step": {
    "precision": 1.0,
    "recall": 1.0,
    "f1-score": 1.0,
    "support": 6,
    "confused_with": {}
  },
  "know_equipment": {
    "precision": 0.8888888888888888,
    "recall": 1.0,
    "f1-score": 0.9411764705882353,
    "support": 8,
    "confused_with": {}
  },
  "accuracy": 0.9230769230769231,
  "macro avg": {
    "precision": 0.9512379855362312,
    "recall": 0.90269478575638,
    "f1-score": 0.9202481993179829,
    "support": 234
  },
  "weighted avg": {
    "precision": 0.9267098171484137,
    "recall": 0.9230769230769231,
    "f1-score": 0.9217603647193263,
    "support": 234
  },
  "micro avg": {
    "precision": 0.9230769230769231,
    "recall": 0.9230769230769231,
    "f1-score": 0.9230769230769231,
    "support": 234
  }
}