{
  "recipename": {
    "precision": 0.875,
    "recall": 0.7368421052631579,
    "f1-score": 0.7999999999999999,
    "support": 38,
    "confused_with": {
      "sort_type": 1
    }
  },
  "recipe_item": {
    "precision": 1.0,
    "recall": 1.0,
    "f1-score": 1.0,
    "support": 22,
    "confused_with": {}
  },
  "current_step_no": {
    "precision": 1.0,
    "recall": 1.0,
    "f1-score": 1.0,
    "support": 6,
    "confused_with": {}
  },
  "recipe_id": {
    "precision": 1.0,
    "recall": 0.25,
    "f1-score": 0.4,
    "support": 4,
    "confused_with": {}
  },
  "sort_type": {
    "precision": 0.8666666666666667,
    "recall": 0.8125,
    "f1-score": 0.8387096774193549,
    "support": 16,
    "confused_with": {
      "intolerances": 1
    }
  },
  "sub_ingredients": {
    "precision": 0.9333333333333333,
    "recall": 0.7368421052631579,
    "f1-score": 0.8235294117647058,
    "support": 19,
    "confused_with": {
      "recipename": 2
    }
  },
  "dietary_req": {
    "precision": 1.0,
    "recall": 0.9523809523809523,
    "f1-score": 0.975609756097561,
    "support": 21,
    "confused_with": {}
  },
  "intolerances": {
    "precision": 0.9117647058823529,
    "recall": 1.0,
    "f1-score": 0.9538461538461539,
    "support": 31,
    "confused_with": {}
  },
  "micro avg": {
    "precision": 0.9310344827586207,
    "recall": 0.8598726114649682,
    "f1-score": 0.8940397350993378,
    "support": 157
  },
  "macro avg": {
    "precision": 0.9483455882352941,
    "recall": 0.8110706453634084,
    "f1-score": 0.848961874890972,
    "support": 157
  },
  "weighted avg": {
    "precision": 0.930666916448108,
    "recall": 0.8598726114649682,
    "f1-score": 0.8861366198058511,
    "support": 157
  },
  "accuracy": 0.97506678539626
}