{
  "cook": {
    "precision": 0.88,
    "recall": 0.9565217391304348,
    "f1-score": 0.9166666666666666,
    "support": 23,
    "confused_with": {
      "get_intolerances": 1
    }
  },
  "get_next_step": {
    "precision": 1.0,
    "recall": 0.9,
    "f1-score": 0.9473684210526316,
    "support": 10,
    "confused_with": {
      "get_previous_step": 1
    }
  },
  "know_ingredients": {
    "precision": 0.9333333333333333,
    "recall": 1.0,
    "f1-score": 0.9655172413793104,
    "support": 14,
    "confused_with": {}
  },
  "get_dietary_req": {
    "precision": 1.0,
    "recall": 1.0,
    "f1-score": 1.0,
    "support": 15,
    "confused_with": {}
  },
  "know_equipment": {
    "precision": 0.8888888888888888,
    "recall": 1.0,
    "f1-score": 0.9411764705882353,
    "support": 8,
    "confused_with": {}
  },
  "greet": {
    "precision": 0.9333333333333333,
    "recall": 0.875,
    "f1-score": 0.9032258064516129,
    "support": 16,
    "confused_with": {
      "goodbye": 2
    }
  },
  "get_recipeid": {
    "precision": 1.0,
    "recall": 1.0,
    "f1-score": 1.0,
    "support": 4,
    "confused_with": {}
  },
  "confirm_recipe_items": {
    "precision": 1.0,
    "recall": 0.8461538461538461,
    "f1-score": 0.9166666666666666,
    "support": 13,
    "confused_with": {
      "know_equipment": 1,
      "cook": 1
    }
  },
  "get_intolerances": {
    "precision": 0.8695652173913043,
    "recall": 0.9090909090909091,
    "f1-score": 0.888888888888889,
    "support": 22,
    "confused_with": {
      "cook": 1,
      "get_sort_type": 1
    }
  },
  "restart": {
    "precision": 1.0,
    "recall": 1.0,
    "f1-score": 1.0,
    "support": 3,
    "confused_with": {}
  },
  "get_previous_step": {
    "precision": 0.75,
    "recall": 1.0,
    "f1-score": 0.8571428571428571,
    "support": 6,
    "confused_with": {}
  },
  "goodbye": {
    "precision": 0.95,
    "recall": 0.9743589743589743,
    "f1-score": 0.9620253164556962,
    "support": 39,
    "confused_with": {
      "greet": 1
    }
  },
  "get_info_questions": {
    "precision": 0.9333333333333333,
    "recall": 0.7777777777777778,
    "f1-score": 0.8484848484848485,
    "support": 18,
    "confused_with": {
      "bot_challenge": 2,
      "get_substitute_ingredient": 1
    }
  },
  "get_n_step": {
    "precision": 1.0,
    "recall": 0.8333333333333334,
    "f1-score": 0.9090909090909091,
    "support": 6,
    "confused_with": {
      "get_previous_step": 1
    }
  },
  "know_steps": {
    "precision": 1.0,
    "recall": 0.875,
    "f1-score": 0.9333333333333333,
    "support": 8,
    "confused_with": {
      "cook": 1
    }
  },
  "bot_challenge": {
    "precision": 0.6666666666666666,
    "recall": 1.0,
    "f1-score": 0.8,
    "support": 4,
    "confused_with": {}
  },
  "get_substitute_ingredient": {
    "precision": 0.9090909090909091,
    "recall": 0.7692307692307693,
    "f1-score": 0.8333333333333333,
    "support": 13,
    "confused_with": {
      "know_ingredients": 1,
      "get_info_questions": 1
    }
  },
  "get_sort_type": {
    "precision": 0.9230769230769231,
    "recall": 1.0,
    "f1-score": 0.9600000000000001,
    "support": 12,
    "confused_with": {}
  },
  "accuracy": 0.9230769230769231,
  "macro avg": {
    "precision": 0.9242938113952606,
    "recall": 0.9286926305042249,
    "f1-score": 0.9212733755297217,
    "support": 234
  },
  "weighted avg": {
    "precision": 0.9290312711773135,
    "recall": 0.9230769230769231,
    "f1-score": 0.9228060813043844,
    "support": 234
  },
  "micro avg": {
    "precision": 0.9230769230769231,
    "recall": 0.9230769230769231,
    "f1-score": 0.9230769230769231,
    "support": 234
  }
}